﻿{"cameraMode":{"drawMode":0,"name":"Shaded","section":"Shading Mode"},"sceneLighting":false,"audioPlay":false,"sceneViewState":{"showFog":true,"showMaterialUpdate":true,"showSkybox":true,"showFlares":true,"showImageEffects":true,"showParticleSystems":true},"in2DMode":false,"pivot":{"x":3.291452407836914,"y":30.784324645996095,"z":-18.229175567626954},"rotation":{"x":0.49352121353149416,"y":0.021660033613443376,"z":-0.012294217012822628,"w":0.869378924369812},"size":7.379779815673828,"orthographic":false}